{
  "best_val": {
    "auc": 0.4956909818405663,
    "aupr": 0.5043859649122807
  },
  "test_metrics": {
    "auc": 0.4956521739130435,
    "aupr": 0.5
  },
  "drug_sim_attention": [
    0.318836510181427,
    0.33924099802970886,
    0.3419225215911865
  ],
  "disease_sim_attention": [
    0.32400745153427124,
    0.33402755856513977,
    0.341964989900589
  ],
  "drug_local_attention": [
    0.5000289678573608,
    0.49997106194496155
  ],
  "disease_local_attention": [
    0.507081925868988,
    0.4929180443286896
  ],
  "drug_global_attention": [
    1.0
  ],
  "disease_global_attention": [
    0.48765701055526733,
    0.5123429894447327
  ],
  "num_train_pos": 534,
  "num_val_pos": 114,
  "num_test_pos": 115,
  "device": "cpu",
  "metapath_relations": [
    "drug__meta_dgd__disease",
    "disease__meta_dgd__disease"
  ]
}